time,flux,flux_err
2458468.282293362,0.9999063997659994,0.0013671853350268669
2458468.303126987,1.000471201178003,0.0013553250886451638
2458468.323960612,1.000826502066255,0.0013564268330230253
2458468.344794237,1.0023444058610147,0.0013437202524778878
2458468.3656278616,1.001923504808762,0.001331353159085811
2458468.4072951106,1.0024196060490151,0.0013199836547810788
2458468.4281287347,0.9983337958344897,0.001310237734306475
2458468.4489623588,0.99918644796612,0.0013040721866542475
2458468.4697959824,0.9989046372615932,0.0013795685528535568
2458468.490629606,0.9999135697839244,0.0013931342557424408
2458468.511463229,0.997931894829737,0.0013826209941823835
2458468.5322968527,0.9984907962269906,0.0013737615003165257
2458468.5531304753,1.0012495031237578,0.0013626476107702157
2458468.5739640985,1.0012399030997576,0.0013521247877277677
2458468.594797721,1.0024385060962653,0.0013431836046212634
2458468.6156313433,1.0009770024425062,0.0013356897221853796
2458468.6364649655,1.0025142062855157,0.0013260374428416036
2458468.6572985877,1.0007676019190048,0.0013169952958893576
2458468.6781322095,0.9992136980342451,0.0013103172867713546
2458468.698965831,1.000129300323251,0.0013015618047281163
2458468.719799453,0.9987745969364924,0.0013015754209420572
2458468.740633074,0.9991648979122448,0.0013152535909965964
2458468.761466695,0.9993484583711459,0.0013265289990287712
2458468.7823003163,1.0001863004657512,0.0013185435612166638
2458468.8031339366,0.9997772494431236,0.0013142490111607557
2458468.8239675574,0.9989042972607431,0.0013061662209380043
2458468.8448011777,0.9999128997822494,0.0013079701685141042
2458468.8656347976,0.9995445588613971,0.001299978057919811
2458468.886468418,0.9990144275360688,0.0013016518504828385
2458468.9073020373,1.0010860027150068,0.001320605139697844
2458468.928135657,0.9989710974277436,0.001312657470874957
2458468.9489692766,1.0007292018230045,0.0013069680687686587
2458468.9698028956,1.002038405096013,0.0013066407082733527
2458468.9906365145,0.9989728974322436,0.0013034782816807168
2458469.0114701334,0.9975295938239845,0.0013020055337574078
2458469.032303752,1.000005600014,0.0013120627261830706
2458469.0531373704,0.9987656969142422,0.0013052809394938317
2458469.0739709884,0.9990788976972442,0.0013018263776646533
2458469.0948046064,1.0009205023012557,0.001294437898631925
2458469.1156382244,0.9985697964244911,0.0012963760239107162
2458469.136471842,0.9989915974789937,0.0012970148242570853
2458469.1573054595,1.0015415038537596,0.0012899838562543788
2458469.1781390766,1.002072105180263,0.0012979310247516588
2458469.1989726936,1.0019425048562622,0.0012909678730617508
2458469.2198063103,1.002713806784517,0.0012841825985496983
2458469.240639927,1.0005566013915035,0.0012776350651674902
2458469.261473543,0.9994846487116218,0.0012914718174546428
2458469.282307159,0.9986344465861166,0.0012851299251887757
2458469.3031407753,0.9983830959577399,0.0012786439457274272
2458469.323974391,1.0006828017070042,0.0012818581287760433
2458469.3448080067,1.0008676021690053,0.0012873794550442238
2458469.365641622,1.0006007015017537,0.0012881401148732308
2458469.386475237,0.9987086567716419,0.0012886364200418077
2458469.4073088523,1.0002547006367517,0.001286563475102528
2458469.428142467,1.0002490006225015,0.0012908428287269496
2458469.4489760813,0.9997704994262485,0.0012788530548759002
2458469.469809696,1.000664801662004,0.0012632042489443757
2458469.49064331,0.9992146480366201,0.0012538065522949638
2458469.511476924,0.9964010610026525,0.0012519735837438564
2458469.5323105375,0.9979899949749874,0.0012530838817380004
2458469.5531441513,0.9995639989099973,0.0012766478935557573
2458469.5739777647,1.0006511016277542,0.0012608589810201697
2458469.5948113776,1.0000479001197504,0.0012568027188141803
2458469.6156449905,1.0002482006205016,0.0012664949950767764
2458469.6364786034,1.0005500013750033,0.0012699254229877439
2458469.657312216,0.9993074482686206,0.001247320932415563
2458469.678145828,0.9997090692726731,0.0012482373305347028
2458469.69897944,0.9996047990119976,0.0012548238952878518
2458469.719813052,1.0007395018487546,0.0012702891762720581
2458469.7406466636,1.0003846009615023,0.0012714638599075553
2458469.761480275,1.0013262033155081,0.0012732147327075194
2458469.7823138866,0.9979604349010873,0.0012683309108690178
2458469.8031474976,0.9980220950552376,0.0012725123773079312
2458469.823981108,1.000446801117003,0.0012860121298627753
2458469.8448147187,0.9990272475681189,0.0012856479159800854
2458469.8656483293,1.000345500863752,0.0012952350970528007
2458469.8864819393,0.9985292463231158,0.0012954138876440282
2458469.9073155494,1.0002842007105017,0.0013092652726755744
2458469.928149159,0.9985271663179158,0.0013165949948200045
2458469.9489827687,1.0023285058212645,0.001320339459907207
2458469.969816378,1.0002383005957516,0.001316562275541677
2458469.990649987,1.0006985017462544,0.0013131801386475862
2458470.011483596,1.001272303180758,0.0013151187784830878
2458470.0323172044,1.0010173025432565,0.0012986288560839327
2458470.053150813,1.0011926029815075,0.0012965888746832674
2458470.0739844213,1.0020202050505125,0.0012812977762922055
2458470.0948180296,0.9996052390130976,0.0012834258513373257
2458470.1156516373,0.9990794976987443,0.0012916631385594343
2458470.1364852446,1.0001156002890008,0.0013215946847953913
2458470.157318852,0.9985691964229911,0.0013455173833231535
2458470.178152459,1.0013781034452587,0.0013506559709161952
2458470.1989860665,0.9998675596688992,0.0013671998300616127
2458470.219819673,1.001927104817762,0.0013805272659755078
2458470.2406532797,1.0001421003552509,0.0013681290276326028
2458470.2614868856,1.0002086005215014,0.0013553908180139853
2458470.282320492,1.0002912007280018,0.00134253447217413
2458470.303154098,0.9977987944969862,0.001343880353581207
2458470.3239877033,0.9997439393598484,0.001358789596817357
2458470.3448213087,0.9998813997034993,0.0013689783000495068
2458470.365654914,0.9984557961394903,0.0013643315181382407
2458470.3864885187,1.001771604429011,0.0013648112806267944
2458470.4073221236,1.0004939012347531,0.0013646913795957202
2458470.428155728,1.0005995014987537,0.0013679663126030168
2458470.4489893327,0.9997203293008233,0.0013772982681689156
2458470.4698229367,0.9974355935889839,0.0014053369791690233
2458470.4906565403,0.9990930977327444,0.001417623552508497
2458470.511490144,0.9984408561021402,0.0014175727409862613
2458470.5323237474,1.000310200775502,0.001423670907726851
2458470.5531573505,0.9996207990519976,0.0014229259059676347
2458470.5739909536,1.001112202780507,0.0013923048273533005
2458470.5948245563,0.9975026937567344,0.0013944452340655166
2458470.615658159,0.9997619994049985,0.001395179135975735
2458470.636491761,0.9988963572408931,0.001393624112708984
2458470.6573253633,1.0019863049657625,0.001400437180081605
2458470.678158965,1.0015444038610097,0.0014237184629020243
2458470.6989925667,0.9992369380923452,0.001423020456298431
2458470.719826168,0.9987641969104922,0.001429021338689317
2458470.740659769,0.996956752391881,0.001429043068543073
2458470.76149337,1.0020361050902629,0.001430696737267119
2458470.7823269707,1.0007353018382545,0.0014422893097421308
2458470.803160571,1.0005966014915038,0.00144189598477507
2458470.8239941713,1.000010000025,0.001443117565299237
2458470.844827771,0.9986331965829914,0.001436416920080223
2458470.865661371,0.9979532248830623,0.001426040997441931
2458470.8864949704,0.9998854397135993,0.0014445302363819852
2458470.90732857,1.001463903659759,0.0014420489860596127
2458470.9281621687,0.9988811972029931,0.001450978799545856
2458470.9489957676,1.0018040045100114,0.0014595780853823128
2458470.9698293665,1.0013609034022586,0.00145937249582814
2458470.9906629645,1.0013034032585082,0.0014529707514861672
2458471.011496563,0.9993955984889963,0.001436208507109771
2458471.0323301605,1.0001821004552511,0.0014630014311901936
2458471.0531637585,0.998876997192493,0.0014617856263168367
2458471.0739973555,1.0003290008225019,0.00149207332733321
2458471.094830953,1.0005321013302533,0.001492722076134573
2458471.11566455,1.0013311033277583,0.0014890348114702722
2458471.1364981467,1.0007107017767545,0.0014782869505751857
2458471.157331743,0.998080595201488,0.0014819169144457247
2458471.1781653394,0.9970260925652314,0.0014847296551085518
2458471.198998935,1.0026599066497666,0.0014845901403904285
2458471.219832531,1.0018183045457614,0.0014838338786469837
2458471.2406661264,1.0023675059187647,0.0014785045593843978
2458471.2614997216,0.9975599538998847,0.001478636540007363
2458471.2823333167,1.000958302395756,0.0014673341387915827
2458471.3031669115,0.9993079982699956,0.0014699233099278988
2458471.324000506,1.0019920049800126,0.0014746766670655756
2458471.3448341005,1.0008035020087551,0.0014808197244356683
2458471.3656676942,1.0020249050622627,0.001471076238433002
2458471.386501288,0.9978339945849865,0.001471027240086199
2458471.407334882,1.001110902777257,0.001472200408107262
2458471.428168475,0.999200798001995,0.0014644860224685763
2458471.449002068,1.0008490021225054,0.0014684165172855507
2458471.469835661,1.001111902779757,0.001480272790998683
2458471.4906692537,1.0020567051417628,0.0014807450727458175
2458471.55317003,0.9971968429921075,0.0014838810477768262
2458471.5740036215,0.9980933952334881,0.0014625041047196985
2458471.594837213,1.000122100305251,0.001467316692187165
2458471.615670804,0.9984633961584903,0.0014590650812701198
2458471.636504395,1.0005307013267533,0.0014803550374438174
2458471.6573379855,0.9979429948574872,0.001485047750254315
2458471.6990051656,0.9978449946124865,0.0014828342839963771
2458471.7198387557,0.999362938407346,0.0014686538742228336
2458471.7406723453,0.9997831494578737,0.0014698762742121519
2458471.7823395235,1.0013514033785085,0.0014705525749438217
2458471.803173112,0.9973815934539836,0.0014634346488573697
2458471.824006701,1.0003533008832524,0.0014557117176464617
2458471.844840289,1.001416203540509,0.001457912465059608
2458471.8656738773,1.0002408006020014,0.001474975848131149
2458471.886507465,1.0007596018990048,0.0014459356360189293
2458471.9073410523,0.9979887949719874,0.0014335848830771291
2458471.9281746396,1.0002216005540014,0.001435838741581578
2458471.949008227,0.9984319960799902,0.0014387952679666936
2458471.9698418137,0.9985342963357408,0.0014410676015950538
2458471.9906754,1.000798201995505,0.0014347839305684526
2458472.0115089864,1.0023211058027646,0.001424243272175615
2458472.032342572,1.0004313010782526,0.0014243858518893607
2458472.053176158,1.0016422041055102,0.0014188182854972544
2458472.074009743,1.0021976054940138,0.001420775088042639
2458472.0948433285,1.0000368000920004,0.0014337750378419366
2458472.1156769134,0.9993856984642462,0.001427591570498394
2458472.136510498,0.9993748984372461,0.0014390891142451799
2458472.1573440824,1.0028249070622675,0.0014395767662807454
2458472.1781776664,1.0003180007950019,0.0014460886977257998
2458472.1990112504,0.9967729319323299,0.0014423626651121188
2458472.219844834,0.9988606471516179,0.0014445013516780057
2458472.240678417,0.9993234983087458,0.0014441456557122236
2458472.261512,0.9988705471763679,0.0014372792535010904
2458472.2823455827,0.9988364470911177,0.0014421233091100613
2458472.3031791653,0.9986766966917416,0.0014305683143457587
2458472.3240127475,0.9998877997194993,0.0014133281570519074
2458472.344846329,1.0011904029760073,0.0013894073541560427
2458472.365679911,1.000647901619754,0.0013891120958887256
2458472.3865134926,1.0001368003420008,0.0013692339755386055
2458472.4073470733,0.9990735576838943,0.0013495051098245123
2458472.4281806545,0.9989912474781186,0.0013508728353146002
2458472.449014235,1.001119602799007,0.0013610644731653534
2458472.469847815,1.0013070032675082,0.0013491516409603046
2458472.490681395,1.0012137030342576,0.0013486643908965142
2458472.5115149748,1.0001087002717508,0.0013323910299695915
2458472.532348554,1.0005429013572533,0.001320445811119867
2458472.5531821335,0.9999152397880995,0.0013229680079674504
2458472.5740157124,0.9978343945859864,0.0013365392624847762
2458472.594849291,1.0018878047195119,0.0013335612624390224
2458472.6156828688,0.9991755979389949,0.001386661173599689
2458472.6365164467,1.0009235023087557,0.001376736798187675
2458472.6573500247,0.9997557993894984,0.0013508225938618946
2458472.678183602,1.001456003640009,0.0013629999174820653
2458472.699017179,1.0000536001340004,0.0013665828274442061
2458472.719850756,0.9974677436693592,0.0013611205489219755
2458472.7406843323,1.0012178030445076,0.0013602793999730248
2458472.761517909,0.999194397985995,0.0013472861788374983
2458472.7823514845,0.9985845964614912,0.0013420186471616233
2458472.8031850606,1.0006279015697541,0.0013412821244974092
2458472.824018636,0.9988090370225926,0.0013432247845869298
2458472.844852211,1.0013682034205085,0.0013353917813480663
2458472.8656857857,0.999517398793497,0.0013124934317025447
2458472.88651936,1.0010620026550066,0.0013120872398393855
2458472.907352934,0.9974319235798089,0.0013039671461659594
2458472.928186508,1.0008321020802553,0.0013060282296332795
2458472.9490200817,1.0007648019120048,0.0013131120109365416
2458472.969853655,0.9988872972182431,0.0013050136573703834
2458472.990687228,1.0010889027222567,0.0013053844779078575
2458473.0115208006,1.000795201988005,0.0012991081293197266
2458473.032354373,1.0002317005792514,0.0012921674422092504
2458473.053187945,0.9989066672666681,0.001298986484331222
2458473.074021517,1.0002575006437515,0.0012922564060544896
2458473.0948550883,0.9992750981877454,0.0013227804758037147
2458473.1156886593,1.0013615034037586,0.0013303569892116707
2458473.13652223,0.9973601634004085,0.0013150399146673315
2458473.1573558007,1.0003699009247524,0.0013276092611531549
2458473.178189371,0.9976853942134856,0.001326564809653916
2458473.199022941,1.0005971014927537,0.0013328525725709033
2458473.2198565104,0.998542996357491,0.001303717312721685
2458473.2406900795,0.9997405393513483,0.0013048051912039115
2458473.2615236486,1.0008160020400052,0.0012796044138610864
2458473.282357217,0.9994324985812465,0.001278885645917927
2458473.3031907855,0.9999783599458999,0.0013090692095319115
2458473.324024353,0.9984763961909905,0.0013221775789961318
2458473.344857921,0.9999778999447498,0.0013198732760074327
2458473.365691488,1.0018270045675113,0.0013259234711574899
2458473.386525055,0.9991218978047445,0.0013285020253134942
2458473.4073586217,1.0017965044912613,0.0013463456522599438
2458473.428192188,1.000639101597754,0.0013579160079008432
2458473.449025754,1.0003898009745025,0.0013717379130486138
2458473.4698593197,1.0011255028137571,0.0013750573381831831
2458473.490692885,1.0017325043312608,0.0013721716702253986
2458473.51152645,1.0009124022810056,0.0013672317862132677
2458473.5323600145,0.9991635579088948,0.0013877316000634726
2458473.553193579,1.000132300330751,0.0013819901279296855
2458473.574027143,0.9988311470778677,0.001392563176518228
2458473.5948607065,1.0013653034132586,0.0015055039428335765
2458473.61569427,0.9978902247255618,0.0015229416275896392
2458473.636527833,0.9996153690384226,0.0015133601265244889
2458473.6573613957,0.9958820197050492,0.0015006827865799907
2458473.678194958,1.0013093032732583,0.001500179357296302
2458473.6990285194,0.9997584993962485,0.0015081464318527657
2458473.719862081,0.9973269933174832,0.0015323247209369
2458473.7406956735,0.9988318970797426,0.001524668455113413
2458473.7615292342,0.999188657971645,0.0015266278475906817
2458473.7823627945,1.0003318008295021,0.0015094071209681
2458473.803196355,0.9994551486378717,0.0015050966011194355
2458473.8240299146,1.0015488038720097,0.0015047048889213562
2458473.844863474,1.0002309005772514,0.0015106650888810416
2458473.8656970332,0.9991784979462448,0.001510745087814578
2458473.8865305916,0.9999491998729997,0.001506655498650549
2458473.90736415,0.9993534683836709,0.0015117383404751451
2458473.928197708,1.0002079005197513,0.0015119042244196342
2458473.9490312655,0.9994998987497469,0.0015107540375748497
2458473.969864823,1.0007068017670044,0.0014917337549847916
2458473.9906983795,1.0015119037797595,0.0014890826626049204
2458474.011531936,0.9986568666421666,0.0014988653180214803
2458474.032365492,1.0003514008785024,0.0014962157230587875
2458474.053199048,0.9991607979019949,0.0014954801439065865
2458474.0740326033,0.9995526588816471,0.0014949886886923222
2458474.0948661584,1.0015200038000096,0.0014947236741098692
2458474.1156997127,1.0019220048050121,0.0014926660576956548
2458474.136533267,1.0028131070327677,0.0014978340359168985
2458474.1573668206,1.0021602054005134,0.001502736306684564
2458474.1782003744,0.9989415373538434,0.001510084346787747
2458474.199033927,1.0017649044122612,0.0014900218030867531
2458474.21986748,1.0001612004030012,0.0015166828970574276
2458474.240701032,1.0013878034695085,0.0015076645323772102
2458474.2615345838,0.9992255480638702,0.0015064811164123954
2458474.282368135,1.0005939014847538,0.0015148108795403736
2458474.303201686,1.001891404728512,0.0015147225706438952
2458474.3240352366,0.9989448973622435,0.0015232349903632424
2458474.344868787,1.0028907072267679,0.0015225828612588387
2458474.3657023367,0.9978381345953365,0.0015348441092927663
2458474.386535886,0.9991296978242445,0.00153207707500414
2458474.407369435,0.9981746954367385,0.001537543420916255
2458474.4282029835,1.0008606021515054,0.0015260159619056672
2458474.4490365316,0.9975254438136095,0.0015293250776506992
2458474.4698700793,0.998086865217163,0.001522484341027997
2458474.4907036265,0.9980041350103376,0.0015476583044672283
2458474.5115371733,0.9986513966284916,0.0015501210713868806
2458474.5323707196,1.0002934007335018,0.0015470330610728076
2458474.553204266,1.0000869002172506,0.0015361831315767274
2458474.5740378113,1.0026865067162667,0.0015366903399795556
2458474.594871356,1.0000210000525,0.0015406115133850295
2458474.615704901,1.0016724041810106,0.001541287783884696
2458474.678205532,0.9941747854369636,0.0015506160098389399
2458474.719872617,0.997587493968735,0.0015487079178355832
2458474.7407061593,1.0010374025935065,0.001536326567092916
2458474.7615397004,0.9995017587543968,0.0015383896286290013
2458474.7823732416,1.000486701216753,0.0014851928186291616
2458474.803206782,1.001755604389011,0.0014788204115388382
2458474.824040322,1.0026339065847665,0.001490895196472104
2458474.8448738614,0.9999901599753999,0.001470532940540606
2458474.8657074007,0.9991269678174196,0.001479675398562956
2458474.886540939,1.000824602061505,0.0014842522633820218
2458474.907374477,1.0005197012992533,0.001488672142789466
2458474.928208015,0.9992787981969955,0.0014949210849475147
2458474.949041552,0.9980314950787378,0.001490239904242365
2458474.9698750884,0.999200998002495,0.0014972894868100237
2458474.9907086245,0.99998469996175,0.0014965483395694762
2458475.01154216,1.0018280045700114,0.00149673402646109
2458475.032375695,0.9994607486518716,0.0015180927473206988
2458475.05320923,1.0008962022405057,0.0015181530180556249
2458475.0740427636,0.9991820979552448,0.0015294267873921194
2458475.094876297,0.9999646499116248,0.0015276203094332845
2458475.11570983,0.9980201950504877,0.001519475799836728
2458475.1365433624,0.9994035985089963,0.0015191081347362934
2458475.1573768943,1.0009910024775062,0.0015299522362138796
2458475.1782104257,0.9991061977654945,0.0015279630256141408
2458475.1990439566,0.9997138292845732,0.0015459997008393479
2458475.2198774866,0.9992928482321206,0.0015387497860421993
2458475.240711016,0.9985927264818162,0.0015266835158793933
2458475.2615445456,1.0012510031275077,0.0015048252284173452
2458475.282378074,0.9977852644631612,0.001495752441232499
2458475.303211602,0.9993226483066208,0.0015029832419818426
2458475.324045129,0.9969924624811562,0.0015067551188256566
2458475.3448786563,1.001297703244258,0.0015095405248258633
2458475.365712182,0.9994871987179968,0.0015034938653595933
2458475.386545708,1.0019760049400124,0.001507790558697682
2458475.407379233,0.9999591698979248,0.0015060199601466854
2458475.428212757,0.9980469251173127,0.00149209095175794
2458475.449046281,0.9999785999464998,0.0014920823559701325
2458475.469879804,1.0018371045927614,0.0014606527007653195
2458475.4907133267,0.9988114970287425,0.0014469505147464198
2458475.511546849,1.0012147030367577,0.0014453466245546466
2458475.53238037,0.9995485488713721,0.00143780264312125
2458475.5532138906,1.0011904029760073,0.0014434467045268946
2458475.574047411,1.0011181027952571,0.0014338436295616619
2458475.59488093,0.9970200525501314,0.00143269244260384
2458475.615714449,1.0008923022307554,0.001420515893870975
2458475.636547967,1.000650001625004,0.0014149170921233648
2458475.6573814843,0.9995103387758469,0.0014201288556984618
2458475.678215001,0.998710446776117,0.0014276409822066888
2458475.699048517,0.9985465363663408,0.001411774450962432
2458475.719882032,0.9992755581888956,0.0014118003658441668
2458475.7407155465,1.0018094045235113,0.0014067061628836063
2458475.7615490607,1.0011557028892573,0.0012858258018918125
2458475.7823825735,0.9996338490846227,0.0012641126104956674
2458475.8032160862,1.0007080017700045,0.0012605296185857348
2458475.8240495976,1.0001007002517506,0.0012596424712819625
2458475.8448831085,1.000160200400501,0.0012607222399514994
2458475.865716619,0.9979996949992376,0.0012479363529197035
2458475.8865501285,0.9991346978367446,0.0012721191997077058
2458475.907383637,1.0018945047362617,0.0012789671820157072
2458475.9282171447,1.0013394033485084,0.0013176014996479498
2458475.949050652,0.9987436968592421,0.001345427703007803
2458475.969884158,1.0014067035167589,0.001344119974861552
2458475.9907176634,1.0010214025535065,0.0013449823106716752
2458476.0115511683,1.001439303598259,0.001333378140362882
2458476.0323846717,1.000621301553254,0.0013440021998831105
2458476.0532181747,1.0002238005595014,0.0013471923685859494
2458476.074051677,0.9973637934094836,0.0013387971124404203
2458476.0948851784,1.0002433006082516,0.001350392156846463
2458476.1157186786,0.9980502651256629,0.001346592416989015
2458476.136552178,0.9997972994932487,0.0013989268137158276
2458476.1573856766,0.9999652999132498,0.0014003193684225938
2458476.1782191745,0.9987015667539169,0.0013891273300383573
2458476.199052671,1.0018014045035113,0.0013975959853260494
2458476.219886167,0.9998489596223991,0.001393478413330222
2458476.240719662,0.9975539938849848,0.001406789209798062
2458476.2615531557,0.9993500683751709,0.0014177129046511762
2458476.282386649,0.9992580381450954,0.0014170320760110598
2458476.3032201407,1.001291303228258,0.0014200013552367054
2458476.3240536316,1.001460903652259,0.0014132536590478735
2458476.3448871216,1.00161670404176,0.0014108636118750821
2458476.3657206106,1.0020463051157629,0.00141157647655614
2458476.3865540987,0.9989260973152433,0.0013826879093042338
2458476.4073875854,1.0005599013997535,0.0013753234285474151
2458476.428221071,0.9985606964017409,0.001375287791340492
2458476.449054556,0.9999341998354996,0.0013590992127909467
2458476.46988804,0.9997529393823484,0.0013701755224000483
2458476.4907215224,1.0007418018545047,0.0013594292384734093
2458476.511555004,1.0000232000580003,0.001363565738869321
2458476.532388484,0.9998809997024992,0.0013518729197645285
2458476.5532219633,1.0000824002060005,0.0013767587134797324
2458476.574055441,0.999045957614894,0.0013901779279654153
2458476.594888918,1.0014832037080093,0.0013930368469159203
2458476.6157223936,0.9982155455388639,0.001387113042979606
2458476.636555868,1.00160590401476,0.00138338888410739
2458476.6573893414,0.9994835987089968,0.001355604121935216
2458476.678222813,1.000166500416251,0.0013619024940406386
2458476.699056284,1.0012094030235075,0.0013599418949286094
2458476.7198897535,1.001424503561259,0.001383788914140098
2458476.7407232216,0.9981980954952387,0.0013840043588286054
2458476.7615566887,0.9997823994559987,0.0013789933509678607
2458476.782390154,1.0012011030027574,0.0014157529005605005
2458476.8032236183,0.9991349978374946,0.0014036021819628522
2458476.8240570817,0.9995950989877476,0.00141066947845319
2458476.8448905433,1.0004456011140028,0.0014154370269879887
2458476.8657240034,1.0000236000590002,0.0014133849325117368
2458476.8865574626,0.9992413981034953,0.0014145576837880066
2458476.9073909204,1.0001017002542505,0.0014142836132050507
2458476.928224377,0.9962498406246015,0.0014039627800133824
2458476.9490578324,1.0012189030472576,0.001424220502678453
2458476.969891286,0.9966300915752289,0.001413141146788525
2458476.9907247387,1.0027645069112672,0.001406508439582344
2458478.3657353087,0.999678549196373,0.001405807438513322
2458478.3865688825,1.0006731016827544,0.0013972393741166224
2458478.407402457,1.0005674014185035,0.0013973035031825346
2458478.428236033,0.998086145215363,0.001388219773141993
2458478.4699031874,1.000847002117505,0.0013906566367638464
2458478.490736766,0.9987085967714919,0.0014060983261212701
2458478.5115703447,0.998068565171413,0.0013887453548752293
2458478.532403925,1.0000201000502502,0.0013883943774284223
2458478.5532375057,0.9960036900092251,0.0013843334752603363
2458478.574071087,0.99919574798937,0.0013924842907784083
2458478.594904669,1.0002811007027517,0.0014048611119785157
2458478.6157382517,0.9982477356193391,0.0014018147070551416
2458478.636571835,1.0002638006595017,0.0014221032796833061
2458478.657405419,1.0019156047890119,0.0014283514509284539
2458478.678239003,0.998091335228338,0.0014146111102572307
2458478.699072588,1.000192200480501,0.0014260442096795188
2458478.7199061727,0.9982938957347394,0.0014355105529772565
2458478.7407397586,1.0000973002432507,0.001429887764611194
2458478.7615733445,0.9979565948914871,0.0014228108194808886
2458478.782406931,1.0005381013452534,0.0014121090276955437
2458478.8032405176,0.9994374485936215,0.0014011317279661757
2458478.8240741044,0.9999351498378746,0.0014037881998770275
2458478.844907692,1.0002358005895016,0.0014282524101953294
2458478.8657412794,0.9996361690904227,0.001440340171267888
2458478.8865748676,1.0015984039960102,0.0014403589724063521
2458478.907408456,0.9992438481096203,0.0014404142149466647
2458478.928242044,1.000947202368006,0.0014480091393871948
2458478.9490756327,0.999044897612244,0.0014508216163752806
2458478.9699092214,1.0026934067335167,0.0014579478110376526
2458478.9907428105,1.002233605584014,0.0014580548882075447
2458479.0115763997,0.9989438573596434,0.0014642086038890048
2458479.032409989,0.9997087692719232,0.0014569200292616105
2458479.0532435784,1.0005850014625035,0.0014532667996180035
2458479.074077168,1.0007249018122544,0.001456196557819503
2458479.0949107576,0.9982657956644891,0.001456423007599222
2458479.115744347,0.9996667491668729,0.0014582892343699598
2458479.1365779373,0.997287893219733,0.001451967913439221
2458479.1574115274,0.9986847967119918,0.0014431630601974312
2458479.1782451123,0.9992720481801204,0.0014345518520119803
2458479.1990787024,1.0031491078727697,0.0014354574442883745
2458479.2199122924,0.9993984684961713,0.0014374883401699864
2458479.240745883,1.0017832044580113,0.0014536251107427338
2458479.261579473,1.0010847027117566,0.0014555535083950592
2458479.2824130636,0.9996180490451226,0.0014545107928311863
2458479.3032466536,0.9992730581826454,0.0014560222105413814
2458479.3240802437,0.9998811397028493,0.0014613166989824406
2458479.3449138342,1.0007179017947545,0.0014626136321822072
2458479.365747425,0.9973860934652337,0.0014261946048051359
2458479.386581015,1.0008311020777552,0.0014211251278421096
2458479.407414605,0.9993305983264958,0.0013838960578130778
2458479.4282481954,0.9988357970894928,0.001357987619787041
2458479.4490817855,0.9999599398998498,0.0013596544681450456
2458479.4699153756,1.0010290025725064,0.001357513927327287
2458479.490748966,0.9996477291193229,0.0013877446120179465
2458479.511582556,1.000971702429256,0.001378215984963331
2458479.5324161462,1.0019537048842622,0.0013969420709085583
2458479.5532497363,0.9986896967242418,0.0013946503913372682
2458479.574083326,0.9996354490886227,0.0013824919141668774
2458479.594916916,1.0013540033850084,0.001385459427293454
2458479.6157505056,0.9983750459376148,0.0013382659942759022
2458479.6365840957,0.9980016950042375,0.0013381413023125612
2458479.6574176853,0.9991637379093448,0.0013428194412080845
2458479.678251275,0.9967370518426296,0.0013315316940969428
2458479.6990848645,1.0011512028780072,0.0013322844711765162
2458479.7199184536,1.0009878024695062,0.001318569368579749
2458479.740752043,1.0017438043595108,0.0013107558983111917
2458479.7615856323,1.0016561041402603,0.0013154820094972725
2458479.7824192215,1.000469601174003,0.0013082116034536424
2458479.8032528106,0.9992027980069951,0.0013145588794532827
2458479.8240863993,0.9996688991722479,0.0013057992074628256
2458479.8449199884,1.0011674029185074,0.0013374031163814666
2458479.865753577,0.9985839664599161,0.00133858558118052
2458479.8865871658,1.0025779064447662,0.001339937002241006
2458479.907420754,0.9975882939707349,0.0013409589346883054
2458479.928254342,0.9997410993527485,0.0013509337713940703
2458479.949087931,1.000012400031,0.001347634207906253
2458479.9699215186,1.0015825039562598,0.0013496438953401546
2458479.990755107,0.9989379973449933,0.001349291702184938
2458480.0115886945,1.0012978032445081,0.001352715248973568
2458480.0324222823,1.000145200363001,0.0013283369950520933
2458480.05325587,1.0014553036382592,0.0013400546677485555
2458480.0740894573,1.0005375013437534,0.0013496004878669767
2458480.0949230446,0.998572896432241,0.0013494606356381058
2458480.115756632,0.9978947547368868,0.0013543975417235224
2458480.136590219,0.9994018985047464,0.0013755737686801106
2458480.157423806,1.0006516016290041,0.0013699353522956398
2458480.1782573927,0.9996795591988981,0.001373681705941501
2458480.199090979,0.999844099610249,0.0013515679728731585
2458480.219924566,1.0002612006530016,0.0013536857904631351
2458480.240758152,1.0003567008917522,0.0013614430388314092
2458480.261591738,1.0014017035042588,0.0013580838154473459
2458480.282425324,1.0021423053557632,0.0013571683340603525
2458480.30325891,1.0006858017145042,0.0013458177201178796
2458480.3240924957,0.9997834494586236,0.0013473697167159587
2458480.344926081,0.999198997997495,0.0013535412833555155
2458480.3657596665,1.001283203208008,0.0013657505253030346
2458480.386593252,1.0005455013637534,0.001398022160628639
2458480.407426837,0.9982160955402389,0.0014039766990066797
2458480.428260422,1.0004231010577527,0.0013922734751054655
2458480.4490940063,0.9992888982222455,0.001389882186600964
2458480.469927591,1.0009000022500056,0.0013893372670293737
2458480.4907611753,0.9992020680051701,0.001384361192536806
2458480.5115947593,0.9998673996684991,0.0013933251653501866
2458480.532428344,1.002870107175268,0.001390076677205657
2458480.5532619273,0.9990525976314941,0.0013902025658753103
2458480.574095511,0.9974603536508841,0.001415130094218353
2458480.5949290944,0.9990150275375689,0.0014115490877482809
2458480.615762678,1.0001209003022509,0.0014048565751479385
2458480.636596261,1.0008422021055052,0.001404218411210507
2458480.657429844,1.0016448041120103,0.001400381155573254
2458480.6782634268,0.9992169980424951,0.0013981603268940247
2458480.6990970094,0.9988259970649926,0.001402060094294908
2458480.719930592,1.0000458001145003,0.00140881314708113
2458480.740764174,0.9994668986672467,0.0013734485780379604
2458480.7615977563,0.9996195390488476,0.0013869551929649427
2458480.7824313384,1.0012097030242577,0.0014704976182490657
2458480.80326492,0.9988562371405929,0.0014609092699286162
2458480.8240985014,0.9990086475216189,0.0014523551101387768
2458480.844932083,1.001289403223508,0.0014574988825019233
2458480.8657656643,0.9986266965667414,0.0014662837137028315
2458480.886599245,1.0029560073900186,0.0014660009656826645
2458480.907432826,0.999213098032745,0.001467970445802499
2458480.9282664065,1.000642401606004,0.001471123354532462
2458480.949099987,0.9994710986777467,0.0014513293878560317
2458480.969933567,1.0017266043165107,0.001431744358077543
2458480.990767147,1.001278203195508,0.0014427614904716174
2458481.0116007267,0.9989568973922435,0.0014507407744744933
2458481.0324343066,1.0008930022325055,0.0014530508050804765
2458481.053267886,1.001449503623759,0.0014492535098505784
2458481.0741014653,1.0007013017532544,0.0014976753436553663
2458481.094935044,0.9971905229763074,0.0014979184375323036
2458481.115768623,1.0019376048440123,0.0014925333325791533
2458481.136602202,1.0002849007122516,0.0015034484599436746
2458481.1574357804,1.0013152032880082,0.0014967314342552193
2458481.178269359,0.9975192937982345,0.001481052985067463
2458481.199102937,0.9987873969684924,0.0014807109581181418
2458481.2199365147,0.9989392973482434,0.0014920618670135083
2458481.2407700922,0.9988292370730927,0.0014917785618542608
2458481.2616036697,0.9984851962129905,0.0015051680991470448
2458481.3032708243,0.9983844959612399,0.0015080426190006361
2458481.3241044013,0.9969579423948559,0.001508074773679736
2458481.344937978,1.0001959004897512,0.0015026521425078184
2458481.3657715544,1.000489501223753,0.0014885616019914406
2458481.3866051305,0.9986102465256164,0.0014988514707733455
2458481.407438707,0.9985898964747412,0.001515868655221521
2458481.4282722827,1.0018566046415116,0.001513692689132546
2458481.4491058583,1.0029375073437683,0.0015114837313213937
2458481.469939434,1.0014621036552591,0.0015185153860973852
2458481.490773009,1.0018747046867618,0.0015148393097706057
2458481.5116065843,1.0000713001782504,0.001514605010078608
2458481.532440159,1.0005798014495035,0.0015138691866339105
2458481.5532737337,1.0002372005930016,0.0015143660533826055
2458481.5741073084,1.00162430406076,0.0015239383781357743
2458481.5949408826,1.0002871007177518,0.001559683004637106
2458481.6157744564,1.0004921012302532,0.0015373609904763116
2458481.6366080306,1.0028590071475179,0.0015386675630009803
2458481.657441604,1.0016624041560103,0.001518953451005686
2458481.6782751777,0.9998893997234993,0.0015243729465408648
2458481.6991087506,0.9999388998472496,0.0015334709755716069
2458481.719942324,1.000818502046255,0.0015332866341644519
2458481.7407758967,0.998568296420741,0.0015331879460268247
2458481.761609469,1.0024492061230152,0.0015360708128600215
2458481.7824430414,0.9984433961084902,0.001534637274226723
2458481.803276614,1.001462803657009,0.0015386122044241167
2458481.8241101857,0.9979729549323874,0.0015457383605385231
2458481.8449437576,0.9951387478468696,0.0015453586815632606
2458481.865777329,1.00001230003075,0.0015464713100848927
2458481.8866109005,0.9997437993594984,0.0015688913412361058
2458481.9074444715,1.0013388033470083,0.0015658452361570615
2458481.9282780425,1.0018786046965118,0.001568177344563459
2458481.949111613,0.9997887994719987,0.001577004361129328
2458481.9699451835,0.998722426806067,0.001552409001560977
2458481.9907787535,0.9982960957402394,0.0015540468318628597
2458482.0116123236,1.0008510021275054,0.0015536499835443855
2458482.0324458936,0.9994358385895964,0.0016504674082827096
2458482.053279463,0.998237065592664,0.0016610896370250242
2458482.074113033,0.9985074362685907,0.0016699895488603573
2458482.094946602,1.0017842044605112,0.0016671119392855137
2458482.115780171,1.000323100807752,0.001668553244700421
2458482.1366137397,1.0040274100685254,0.0016642541945780889
2458482.1574473083,0.9997775994439987,0.001666427636636567
2458482.1782808765,1.0006475016187542,0.001644095943659507
2458482.1991144447,0.9981630354075886,0.001635642407955775
2458482.2199480124,1.0003908009770024,0.001648279427394184
2458482.24078158,1.00002630006575,0.0016477604487847226
2458482.2616151473,0.9994830487076218,0.001631236416812187
2458482.2824487146,1.0019994049985124,0.0016285496009073102
2458482.303282282,0.9998041995104988,0.0016285437912463652
2458482.3241158486,1.0021114052785132,0.0016240408185684467
2458482.344949415,0.9991537978844947,0.001617780356932591
2458482.3657829813,1.0003745009362524,0.0016322145484491193
2458482.3866165476,0.9997679594198986,0.00161455841678515
2458482.4074501134,0.9997499993749984,0.0016223129760578427
2458482.4282836793,1.001921304803262,0.0016240424991344575
2458482.4491172447,0.9977743944359861,0.001619771315059762
2458482.46995081,1.0003103007757521,0.0016126872535479086
2458482.490784375,0.9991173977934945,0.0016086757239931826
2458482.51161794,0.9984753961884905,0.001592263716811613
2458482.5324515044,1.0015073037682594,0.0016159850981204607
2458482.553285069,0.9997747494368736,0.0016129900691556863
2458482.574118633,0.9994552686381716,0.001624941143255453
2458482.594952197,0.9990843977109942,0.001631631214644493
2458482.6157857603,0.9981282253205633,0.001632705458926681
2458482.636619324,1.003355308388271,0.0016344011099931781
2458482.6574528874,1.001087502718757,0.001635399245181215
2458482.6782864504,0.9988649971624929,0.001637469035365097
2458482.699120013,1.0008564021410054,0.0016164379831208095
2458482.7199535756,1.001742104355261,0.0016154140386120195
2458482.7407871378,0.9984127960319901,0.0016155422654356472
2458482.7616207004,0.9993255683139207,0.0016155785117155702
2458482.782454262,0.9984484961212402,0.0016413996863055822
2458482.8032878237,0.9987845969614925,0.001645188609246569
2458482.824121385,1.0010408026020066,0.0016293080263713238
2458482.844954946,0.9989329473323684,0.0016609513114912494
2458482.8657885073,0.9984425961064903,0.0016659347156713269
2458482.886622068,1.0002438006095016,0.0016619841504637788
2458482.9074556287,1.0013474033685086,0.0015910710412973205
2458482.928289189,1.0029505073762683,0.0015956486227184485
2458482.949122749,1.0005127012817532,0.001607141605812905
2458482.9699563086,0.9985846964617411,0.0016011994020725426
2458482.9907898684,1.0022858057145143,0.0015915300305690697
2458483.0116234277,0.9993074482686206,0.0016127023235323246
2458483.032456987,1.0011825029562573,0.0016092817148768686
2458483.053290546,1.0005199012997532,0.0016018663871554357
2458483.074124105,0.9944523861309653,0.001602985518803591
2458483.365793902,0.9974613936534842,0.001605261506234345
2458483.386627457,0.9978044545111363,0.0016005514198195775
2458483.407461012,1.000155500388751,0.0015944362347053704
2458483.4282945665,1.001123202808007,0.0016042955241221755
2458483.449128121,1.0008451021127551,0.001607299513428428
2458483.4699616753,0.9988143970359926,0.001554314861720207
2458483.4907952296,0.9994712986782467,0.0015931814012168834
2458483.5116287833,1.0010283025707565,0.0015918509379104153
2458483.5324623366,1.0020250050625128,0.0015871607365358685
2458483.55329589,1.0012500031250078,0.0015917581725003668
2458483.574129443,1.000805402013505,0.0015925331356928312
2458483.594962996,1.000804402011005,0.0015921221102307354
2458483.6157965483,1.0011275028187572,0.0015860085034792126
2458483.6366301007,0.9998904397260994,0.0015897537851291884
2458483.657463653,0.9993892984732462,0.0015741983540042493
2458483.678297205,0.9973212333030832,0.0015778589742688198
2458483.6991307563,1.002081005202513,0.0015884898731231575
2458483.7199643077,1.0016983042457606,0.00158879228335067
2458483.740797859,1.000956302390756,0.0016072328890233867
2458483.7616314096,0.9991706579266448,0.001596692411793645
2458483.7824649606,1.000468501171253,0.0015850886304507078
2458483.8032985106,1.0014243035607588,0.001589840394808141
2458483.824132061,0.9984858962147406,0.0015945591427247196
2458483.844965611,0.9969907924769812,0.0015919601158020662
2458483.8657991607,0.9984879962199906,0.001587354956408239
2458483.88663271,1.0019989049972624,0.0015911271144224556
2458483.9074662593,1.00161560403901,0.0015902104983731872
2458483.9282998084,0.9994251985629964,0.0015878180024182877
2458483.949133357,1.0017908044770112,0.0015767889879669996
2458483.969966905,0.9994181985454964,0.0015441753099767616
2458483.9908004533,1.0009783024457561,0.0015444269795096652
2458484.0116340015,1.0011033027582568,0.0015407417466759919
2458484.032467549,0.9984562361405903,0.0015393714074805694
2458484.0533010964,1.0002221005552514,0.001533489608340781
2458484.0741346437,0.9998729996824992,0.0015272878228676594
2458484.094968191,0.996955292388231,0.0015258440072245863
2458484.1158017376,0.9981748954372386,0.0015512917370392842
2458484.136635284,0.9988749571873929,0.0015489087946100918
2458484.1574688302,0.9963636909092273,0.0015457238408182403
2458484.178302376,1.001924604811512,0.0015437299282978353
2458484.199135922,1.0014899037247593,0.0015500819118572456
2458484.2199694673,0.9995657989144974,0.001569979257574203
2458484.2408030126,0.9987649969124923,0.0015759886321051219
2458484.2616365575,0.9980281550703877,0.0015506462746994938
2458484.2824701024,0.9997330993327483,0.001556299458165338
2458484.303303647,0.9990557976394941,0.0015546502270140114
2458484.324137191,0.9972872632181581,0.0015373766816364038
2458484.344970735,1.0004008010020027,0.0015434119754821182
2458484.3658042783,0.9994521986304966,0.0015398969242043173
2458484.386637822,1.0010255025637564,0.0015403550000062647
2458484.428304908,0.9989321973304933,0.0014413963222016319
2458484.449138451,0.9987751969379923,0.0014546042569548087
2458484.469971993,1.0001219003047508,0.0014512550816511162
2458484.490805535,1.0024978062445158,0.0014832051376192795
2458484.511639077,1.000993102482756,0.0014794045992111465
2458484.532472619,0.9995667989169973,0.001477530516965113
2458484.55330616,1.0034156085390213,0.0014977255216730302
2458484.574139701,0.9996222990557476,0.0014969397537774147
2458484.5949732424,0.9986545366363415,0.0014961140553338675
2458484.6158068087,0.9986216365540913,0.001482666165072571
2458484.636640349,1.0004221010552528,0.0014773606009364569
2458484.6574738887,0.999678699196748,0.0014870648562987558
2458484.6783074285,1.0014652036630092,0.001495711772865639
2458484.6991409683,0.9988107970269926,0.0014907304407039239
2458484.7199745076,0.9997688994222486,0.001495349540462684
2458484.7408080464,1.0011893029732573,0.0014947406882441592
2458484.7616415853,1.0017990044975111,0.0014723559186055526
2458484.7824751236,0.9995697989244974,0.0014585783132291578
2458484.803308662,1.0023571058927647,0.0014495582029601184
2458484.8241422,1.0006968017420044,0.0014717649434289966
2458484.844975738,1.0009379023447558,0.001471568507406841
2458484.8658092753,1.0012372030930077,0.0014712968485845808
2458484.8866428123,1.0014729036822594,0.0014639372633735493
2458484.9074763493,1.0012265030662575,0.0014631203251093937
2458484.928309886,1.0008905022262555,0.0014336171212449467
2458484.9491434223,1.001136902842257,0.0014265642982696169
2458484.9699769584,1.0002116005290014,0.0014164078155006125
2458484.9908104944,0.9996597991494979,0.0014115816829008282
2458485.01164403,1.000486301215753,0.0014107739288713886
2458485.032477565,1.0009225023062558,0.0013982417065609217
2458485.0533111,0.9989249673124183,0.001401432919831571
2458485.074144635,0.9995808589521474,0.0014080428847617287
2458485.0949781695,0.9994771386928467,0.001402921172669467
2458485.1158117037,0.998873397183493,0.0014062266477958736
2458485.1366452374,0.9992302580756453,0.001406743140288049
2458485.157478771,0.9999696999242498,0.0014072689937258982
2458485.1783123044,0.9967924919812299,0.0014021494953735984
2458485.1991458377,0.9991498978747447,0.0013948960476430127
2458485.2199793705,0.9995797989494973,0.0014020926350485987
2458485.2408129033,1.0006587016467543,0.0013554772036892724
2458485.261646435,0.9978994647486619,0.0013425530861289588
2458485.2824799675,0.9974563636409091,0.001374381500259952
2458485.303313499,0.9979605949014873,0.0013756644722094052
2458485.3241470307,0.9987076967692419,0.0013702455721415344
2458485.3449805616,1.0013477033692584,0.0013563227994563166
2458485.3658140926,0.9988000370000925,0.0013613915300756578
2458485.386647623,1.0005583013957535,0.0013584156188540114
2458485.4074811535,1.0013558033895085,0.0013309484295782358
2458485.4283146835,1.000659201648004,0.0013340817809927628
2458485.449148213,0.9991302478256195,0.00133247909264879
2458485.4699817426,0.9995668489171223,0.001330835138842749
2458485.490815272,1.0031108077770194,0.0013357897276288155
2458485.5116488007,1.0019531048827621,0.0013291851995160353
2458485.5324823293,0.9969347923369808,0.0013292529638817684
2458485.5533158574,0.9995432488581222,0.0013078594296032171
2458485.5741493856,1.0004327010817529,0.00130767601242839
2458485.594982913,1.002700306750767,0.0013141118340046494
2458485.615816441,0.9997824394560987,0.0012731932037034048
2458485.636649968,1.0008993022482557,0.0012874949864130096
2458485.657483495,0.9996453491133728,0.0012860097418549874
2458485.6783170216,0.9997350993377483,0.0012929130965204708
2458485.699150548,0.9980548951372378,0.0012934060828302578
2458485.7199840737,0.998095595238988,0.0012966315308138609
2458485.7408175995,0.9999550998877497,0.001289701575985086
2458485.761651125,1.0010815027037567,0.0012839822188467525
2458485.78248465,1.0002275005687513,0.0012928804069694496
2458485.8033181746,0.999514458786147,0.001304661697742485
2458485.8241516994,0.9991565978914948,0.001295142388878771
2458485.8449852234,1.0006698016745041,0.0012943310821254507
2458485.8658187473,1.0026649066622666,0.0012741177800782793
2458485.886652271,0.999210238025595,0.0012725488007167226
2458485.9074857943,1.0003899009747523,0.0012709301512394387
2458485.9283193173,0.9995504988762471,0.0012660773294932274
2458485.94915284,0.9985729964324911,0.00127322769776617
2458485.9699863624,1.0000623001557505,0.0012672232367766415
2458485.9908198845,1.0002516006290016,0.0012662004253486045
2458486.011653406,0.9987619469048673,0.0012607072668276045
2458486.0324869277,1.0011504028760072,0.0012632715243342323
2458486.053320449,0.9998035395088488,0.0012631408875781996
2458486.07415397,0.9997432993582483,0.0012761853204906832
2458486.09498749,1.0009681024202561,0.001279435230746606
2458486.1158210104,0.9981600554001385,0.0012761999408458322
2458486.1366545307,1.000119000297501,0.0012756679245614264
2458486.15748805,1.00161860404651,0.0012963126976951332
2458486.178321569,1.0004016010040027,0.0012935842648973117
2458486.1991550885,1.000296600741502,0.0012916578563495905
2458486.2199886073,1.0026743066857666,0.001296189352846702
2458486.240822125,0.998875997189993,0.0012570000692330879
2458486.2616556436,1.0017949044872612,0.00125431027224086
2458486.2824891615,0.9993059982649957,0.001258947223854757
2458486.3033226784,1.0003685009212524,0.001266277699200192
2458486.324156196,1.0033117082792706,0.0012573228875349953
2458486.3449897124,0.9992780681951705,0.0012334808143255474
2458486.365823229,1.0004190010475027,0.0012164662097019787
2458486.386656745,1.000649801624504,0.0012093915016197544
2458486.407490261,1.001308703271758,0.0012040999536954429
2458486.4283237765,1.0006281015702538,0.001207311171255758
2458486.4491572916,0.9993286983217459,0.0012321657377696144
2458486.469990806,1.0010836027090066,0.0013005984119027847
2458486.490824321,0.9999342998357497,0.0013064851916395604
2458486.511657835,0.9995302488256221,0.00130743474028109
2458486.5324913487,0.9984675961689904,0.0013113015709911198
2458486.5533248624,1.0003892009730024,0.0012770011742418166
2458486.574158375,1.0,0.001269020734860354
2458486.594991888,1.0000859002147506,0.0012369614482282145
2458486.6158254007,1.000965502413756,0.0012569591284531101
2458486.636658913,1.0015316038290096,0.001264626052892008
2458486.6574924244,1.0006646016615042,0.0012358854017732754
2458486.678325936,0.9981236953092383,0.0012580495392876987
2458486.699159447,0.9987946969867425,0.0012594763974840349
2458486.719992958,0.9981049952624882,0.0012590068290139788
2458486.7408264684,1.0005759014397535,0.001259679311888395
2458486.7616599784,0.9990831577078942,0.0012490741337234145
2458486.782493488,0.999679599198998,0.0012390857323541624
2458486.8033269974,0.9997433393583484,0.001239221075848574
2458486.8241605065,1.0016260040650102,0.0012387702002175833
2458486.844994015,1.0021580053950134,0.0012391492901729618
2458486.8658275236,0.9994118985297463,0.0012415560460073349
2458486.8866610313,1.000300400751002,0.0012390860705333191
2458486.907494539,0.9998746496866242,0.0012485865865896192
2458486.9283280466,0.9999382998457497,0.0012205349793484239
2458486.9491615533,0.9994188985472463,0.0012217467403842649
2458486.96999506,1.000502901257253,0.0012764774059893572
2458486.990828566,0.9980228450571127,0.0012756806438741647
2458487.0116620716,0.9998861997154993,0.001272479787266227
2458487.0324955774,0.999208198020495,0.0012889507050423477
2458487.053329082,0.9999150997877495,0.0012899243993429882
2458487.074162587,1.000799301998255,0.0012868209850737146
2458487.0949960914,1.0001999004997513,0.0012961402509925526
2458487.1158295954,0.9980539551348878,0.0013488481211089058
2458487.136663099,1.001280303200758,0.00134845186516964
2458487.157496602,1.0004230010575026,0.0013461760115893485
2458487.178330105,0.9998745996864993,0.0013340942091896741
2458487.1991636073,0.99759846399616,0.001338180293577568
2458487.2199971094,0.9992811982029954,0.0013300761676497156
2458487.240830611,1.0000913002282508,0.0013331891827135488
2458487.2616641126,1.0010425026062564,0.0013440897233049829
2458487.282497613,0.9995960989902475,0.0013255518385045827
2458487.303331114,0.9997955994889988,0.0013316659811555998
2458487.324164614,0.9988385970964927,0.0013522518703131068
2458487.344998114,1.0015093037732594,0.0013510538846087051
2458487.365831613,1.0015107037767594,0.0013507412172888474
2458487.386665112,0.9991730979327449,0.001311088646518517
2458487.4074986107,0.9995684589211473,0.0013105364636236292
2458487.4283321085,0.999686949217373,0.0013100337908447041
2458487.4491656064,0.9994712386780966,0.001308598469500748
2458487.469999104,0.9985228963072408,0.0013074340906319838
2458487.4908326007,1.0025780064450163,0.0013180548882669287
2458487.511666097,0.9956855892139731,0.0013246964263166796
2458487.553333089,1.0014166035415089,0.0013318798680007674
2458487.5741665843,0.9990012575031437,0.001332590779849135
2458487.595000079,1.0011449028622572,0.001331831645295313
2458487.6158335735,0.999215398038495,0.0013423044501223163
2458487.6366670677,0.9986349265873165,0.0013829961334292477
2458487.6575005613,1.0011385028462572,0.001384487567512054
2458487.6783340545,1.0023117057792645,0.0013951313530343452
2458487.699167547,0.9985840964602412,0.0014018552645558237
2458487.7200010396,1.0002366005915013,0.0014061992794872267
2458487.7408345314,1.0023727059317649,0.001409144529233959
2458487.7616680227,0.9989443973609935,0.0013993634176381298
2458487.7825015136,0.9998989697474244,0.0014011988136621095
2458487.803335004,1.0005055012637531,0.0013893098564922535
2458487.8241684944,0.9989252673131682,0.001388492388417121
2458487.845001984,0.9989112972782432,0.001392296532936645
2458487.865835473,0.9998322995807489,0.0013920716581056062
2458487.886668962,0.9990112975282438,0.0013935571210637473
2458487.90750245,1.0003858009645024,0.0013844781020021276
2458487.9283359377,0.9990914377285943,0.001368436125056659
2458487.9491694253,0.9996713991784979,0.0013676145170923998
2458487.970002912,1.0016870042175106,0.001368594059934927
2458487.9908363987,1.0003577008942521,0.0013702062565552659
2458488.0116698844,0.9990406576016441,0.001378306875218382
2458488.0325033697,1.0037305093262732,0.0013789016786865313
2458488.053336855,1.0002066005165011,0.0013843108868134653
2458488.0741703394,1.0012184030460076,0.0013701946873422809
2458488.0950038233,1.0021272053180132,0.00137024230756586
2458488.1158373067,1.0006132015330038,0.0013683050454724064
2458488.1366707897,0.9991085977714944,0.0013953224751587934
2458488.157504272,1.0019712049280123,0.001396203882798373
2458488.178337754,1.0038657096642742,0.0013984396164031406
2458488.199171236,0.9999155997889995,0.001384327481605693
2458488.220004717,1.0004139010347526,0.0013943437803941457
2458488.2408381975,1.0009962024905061,0.001425654025349591
2458488.261671677,0.9991123977809945,0.0014256038007643412
2458488.282505157,1.0002214005535013,0.001405594673421501
2458488.3033386357,1.0010893027232568,0.0014139279375058632
2458488.324172114,0.9984209960524901,0.0014426649162272787
2458488.345005592,1.0013741034352586,0.0014423662898185529
2458488.3658390692,0.9983364958412396,0.0014449713090089627
2458488.386672546,0.9971805929514823,0.0014477530150824385
2458488.4075060226,1.0005795014487537,0.0014505057891005726
2458488.428339498,1.0001161002902506,0.00145488662615863
2458488.449172973,0.9998541996354992,0.0014482731522769856
2458488.4700064478,0.9993798684496712,0.001446589143666186
2458488.490839922,1.0001512003780009,0.0014507518357220648
2458488.5116733955,0.9999824999562499,0.0014510799533514948
2458488.5325068682,0.9988534971337428,0.001452664463701142
2458488.5533403405,0.9982090555226387,0.001452279726956951
2458488.5741738123,0.9985030962577406,0.0014308258473811602
2458488.595007283,1.001747404368511,0.0013610871498006163
2458488.615840754,1.0004218010545025,0.0013603600780224179
2458488.636674224,0.9999025997564993,0.0013654612346887458
2458488.657507693,0.9977263943159858,0.001370307122345025
2458488.678341162,1.0033503083757709,0.0014093102706819595
2458488.69917463,0.999366198415496,0.0014019850053534992
2458488.7200080976,1.0017353043382609,0.0014350831804334457
2458488.7408415643,1.0016881042202606,0.0014187551886570718
2458488.7616750305,1.001894204735512,0.0014516257701649277
2458488.782508496,0.9989105972764931,0.0014515421247099885
2458488.803341961,1.000969902424756,0.0014348121315477258
2458488.8241754253,0.9986033965084913,0.0014312637060415027
2458488.8450088887,0.9993717984294961,0.001441747083961298
2458488.8658423517,0.9998289295723239,0.001442143458227571
2458488.886675814,0.9986366565916416,0.0014398662179418021
2458488.9075092757,1.000312300780752,0.0014793101022326535
2458488.9283427363,0.9993353983384958,0.0014807878738073005
2458488.9491761965,0.9999658999147497,0.001485822794146603
2458488.970009656,0.9995976989942476,0.0015000319082430875
2458488.990843115,1.0003679009197524,0.001497034321519103
2458489.0116765727,1.0006055015137536,0.0015039965295253223
2458489.03251003,0.9993338983347458,0.0015029188920089801
2458489.0533434865,1.0015119037797595,0.0015103662393538084
2458489.0741769425,1.0007670019175048,0.0015145362619513162
2458489.0950103975,1.0013492033730085,0.0014752180845562781
2458489.115843852,1.0005705014262534,0.0014829466192866868
2458489.1366773057,1.000294600736502,0.0014858352851516937
2458489.1575107584,0.9996022490056226,0.0014775996716230061
2458489.17834421,0.9973307933269833,0.0014843156776058301
2458489.1991776614,0.9991450978627446,0.0014895522012651936
2458489.220011112,0.9992257980644952,0.0014832218963282743
2458489.2408445613,1.000157100392751,0.0014325051416142075
2458489.26167801,1.0021244053110132,0.0014407112742768062
2458489.282511458,0.9970453226133066,0.0014481660826883987
2458489.303344905,1.000117900294751,0.0014520813075186545
2458489.324178351,1.0005935014837537,0.0014579667957009108
2458489.3450117963,0.9983361958404896,0.0014663840410190834
2458489.3658452407,1.0029265073162683,0.0014696877052790254
2458489.3866786845,1.0009969024922563,0.0014692285238524438
2458489.407512127,1.0010763026907565,0.0014695118878609037
2458489.4283455685,1.0010415026037565,0.0014678933446714392
2458489.4491790095,1.0016744041860106,0.0014434611988084474
2458489.470012449,0.9983197957994895,0.0014511407465287334
2458489.490845888,0.9997746294365736,0.0014605533758870165
2458489.5116793257,0.9994996987492468,0.0014702029790134537
2458489.5325127626,0.9988689971724929,0.001478517512606271
2458489.5533461985,1.0005830014575037,0.0014884618708177785
2458489.5741796335,1.0010147025367562,0.0014987621062696988
2458489.595013067,0.998558696396741,0.001503366044841951
2458489.6158465003,0.9999933999835,0.0014988845030485187
2458489.636679932,1.000150900377251,0.0014985961956620367
2458489.6575133624,1.0013379033447585,0.001494972980923739
2458489.6783467922,0.9984936962342406,0.0015052257393896706
2458489.6991802203,0.9985482963707409,0.0015165363962609446
2458489.720013648,0.9966730916827292,0.0015014372338052232
2458489.740847074,1.00002400006,0.0014544511419716673
2458489.761680499,0.99680629201573,0.0014638309571837168
2458489.782513923,1.0007752019380047,0.0014587022794753394
2458489.8033473454,0.9966233915584789,0.0014537704275859108
2458489.824180767,1.000178100445251,0.001443622215759561
2458489.845014187,1.0009075022687557,0.0014498940734269982
2458489.865847606,1.0002737006842517,0.001455786978128982
2458489.886681024,0.998252145630364,0.0014581246001458574
2458489.9075144404,0.9993479983699959,0.0014691577139682613
2458489.9283478553,1.000652701631754,0.0014823762678330176
2458489.9491812694,1.0035775089437724,0.0014852597284229572
2458489.9700146816,0.9993405983514959,0.0014984369159410464
2458489.990848093,1.0016405041012604,0.0015102518591987282
2458490.0116815027,1.0021484053710135,0.0015249861837099016
2458490.032514911,1.0003543008857523,0.0015392358904197186
